talker.id,gender,p.cog_hz,b.cog_hz,t.cog_hz,d.cog_hz,k.cog_hz,g.cog_hz,p.vot_ms,b.vot_ms,t.vot_ms,d.vot_ms,k.vot_ms,g.vot_ms,p.f0_hz,b.f0_hz,t.f0_hz,d.f0_hz,k.f0_hz,g.f0_hz
1,F,572.72674761514,850.365425845473,763.883711826566,1389.77864693841,697.622123652591,905.153546208448,14.5075973662121,5.06461304052499,18.2525641366167,9.2659853955763,15.0055504586306,9.74705815054381,35.6218834946181,29.0808444980482,44.1529209115807,44.902781407575,41.3077544099795,31.6354015489378
2,F,582.106616498399,416.723322759378,1099.13456457557,1343.90497608482,915.848373786195,717.539778448729,21.8979206467824,4.21100135547353,23.6889043979257,8.04914888841348,21.116732737897,9.55397132910405,34.3326024225214,20.9138603470175,32.4714464791105,28.7242606389936,34.057096274541,29.6640062085572
3,M,409.335086848924,714.421460087067,753.473689176431,1273.6464466998,697.634459632921,772.913031285531,16.4973151348221,6.85758831305569,19.9553783316504,7.13552879053994,15.3534113342696,9.77175833104321,17.1683349788012,12.9489098032968,48.3331998570717,15.409141301517,18.7843733046269,28.1432094969691
4,M,496.541411359852,627.480190756325,542.550752264686,1191.99812723846,638.487650174205,716.254196068269,22.6221762364004,5.70302914768659,22.4900693829358,7.61172046180216,22.9774566683683,11.3936241476785,29.0306835969627,23.3328701426502,26.6873144350876,33.7661949174269,29.5856837138435,28.1942511123891
5,M,421.213298822071,585.680159053393,834.811483591665,1149.89767025906,717.507520657904,861.370441721499,16.3150186004438,5.09089985150164,16.7645985548685,7.52061821701886,19.9636253379469,9.39988218478145,13.4115168297039,10.5939916987846,15.1045920346879,21.3641699579936,20.820314416295,18.6760925398289
6,M,494.228095442309,397.684345136443,694.776580615221,1050.71381249118,671.744642843811,609.43031021192,13.0809849310551,3.46774545125752,14.3653827032819,6.48932268509874,14.5290416087824,10.9126204432694,22.7758086390468,16.7397342704574,17.5184006816455,22.5747421572423,27.4511492802429,20.8409889181355
7,M,546.075906772262,172.366316992779,982.838376917075,788.838305561408,713.196801405303,756.549491150829,16.4401435034501,3.42957434983409,12.5892343426613,5.85974420765485,16.1636905108645,8.48696066480494,16.8683236619377,12.3868404173645,14.7120658478312,14.3577443197954,15.0635123472211,16.1290024078125
8,M,491.472591396781,356.062522437224,628.599219209232,864.377273150094,625.045969619562,528.025896927346,11.4723736661823,3.95463649698496,18.2817703281257,4.44313796908994,20.1407383556388,5.5419208697934,26.3491670361418,23.6666639497333,31.7403209001775,30.7477505588907,28.2572817149203,23.8620660928395
9,M,600.776178388599,599.339764857153,1201.3032019299,1444.64225812295,656.068043907787,730.354679686031,23.9348491046243,5.14440553279401,20.0563213142389,8.56819805189877,25.9561528067434,8.12747249127368,31.6706660612654,19.2642285687835,22.6138905612098,28.4959912105161,34.5940514642638,27.3236122191908
10,M,342.503560118014,419.528335812464,879.753563444584,1016.05088548863,561.637624843947,660.182313680501,15.0147414936235,5.16878610845477,19.5710517434479,9.37989376602514,18.8002506255926,6.99794415787204,21.4591445559839,17.6336862112702,16.3585741075474,22.7918441177947,20.8934549800212,18.2900991273671
11,M,567.446974151748,572.400979343192,1016.74874179633,1256.44240675096,823.536929635584,872.604622939645,16.0178095729185,4.53961039301825,20.6993270334044,7.55602543826769,13.94046045821,10.1773854844891,12.3010932080735,10.8396444072132,9.93736150537595,13.3474363562366,12.5685401365846,11.1979959763146
12,M,512.608131995891,594.677924538703,719.317608569981,956.632171095916,748.256749824043,738.915646102601,16.5241814147803,6.23891324362862,26.5949332804261,7.39242982030331,19.8634489395362,11.3412865597361,30.9647271558304,18.777329227778,18.9043278028048,50.6945643681167,27.6748498161194,43.7407933699748
13,M,567.569321364696,373.371106370482,1076.21251786648,1038.46312617276,852.494390936969,682.042312197712,15.9657516445683,4.58576544184015,14.9000065448007,5.88736344250916,16.7075698154311,9.30743417896876,24.2421240228185,32.285807820234,19.1082701824558,23.7921678523845,24.3851795950118,40.2789750782864
14,F,1036.79472547927,328.605698591064,434.995656998198,1471.53651034604,1027.66244385251,1301.81719761946,18.526278181471,2.22742370496347,21.2065836927937,7.4952061680399,18.4390630031375,10.4640140201792,43.8300036993502,23.197048816357,18.8590373050468,40.373932333029,50.2368627710654,41.8203957726346
15,F,636.909429585741,607.371228453018,1053.434018889,1404.85438848823,1098.68525970259,846.815423103356,16.4029241861311,2.48997400138527,17.871947212746,9.03227047523905,15.1521503454116,11.805678046687,43.1840673670564,43.2543161284504,42.3119289080013,50.054031760989,30.8678858145701,48.7323800734796
16,M,451.981509817177,341.520824481111,770.595541864461,967.899014552652,687.887932460238,737.306398963101,13.5545868796599,4.48595144376979,14.9001841671722,10.3183228800757,12.8903761315875,13.982446042926,18.1321537794549,13.0395863194339,18.3033347856702,17.1444639192669,21.3527556169564,20.5959106640711
17,F,638.142821762709,299.168507781073,631.325469662407,1009.77904376939,491.246394668482,640.194032874593,18.7915082877933,2.99919796816701,20.0208974907863,6.27594135079023,21.6605404444472,10.839420555301,33.6305513177838,29.1806397817722,35.4267815647197,39.4704881117699,34.961744580007,34.677571369389
18,M,403.838750077981,445.615859435868,998.867821473444,1024.00761709869,438.989686533262,672.791267475149,21.5763358181204,6.1288484069709,24.9682068871379,9.24362264828775,23.4382692309011,10.6958862807474,10.5569539011676,7.00892338989519,9.71078511157904,9.47931918597884,9.83812940872196,7.38667522225202
19,F,511.471442847689,607.5803620445,1175.70438710168,1301.3392508997,786.559961780166,756.830013051784,17.6347319657163,6.7420165930033,16.4286732952179,8.43438063620182,17.1909255411782,10.1637980658491,44.596223784176,54.7594017905059,39.1539591826988,63.0528062810536,48.2879303983506,55.6894499220091
20,M,671.234476112532,184.382730755005,867.885278207559,1042.82318076078,723.809964317628,522.481911615225,11.7828880496283,3.29789420611007,14.0938683995425,6.11915417765191,18.6317907012706,8.88956142967598,22.1971865407932,23.2331381175531,17.9073973046536,30.7798426403522,26.522845534753,26.3520435351206
21,F,847.218969306625,390.472032853367,626.455917509103,851.612677252415,1004.54250298516,1298.35110238119,16.1196514579894,2.70921934856307,27.1811209363172,6.51180175348089,28.293105809747,11.7249897850523,29.1547200306233,28.4884636134639,30.5757910093194,20.3078791445571,34.0639837788352,33.3969294273771
22,M,684.094704298189,619.700103774155,956.420774395111,1196.06035463951,654.658210399122,736.757673283546,16.5393320367365,4.90117595317831,21.7120486338078,6.5181871127638,15.2528311683399,10.661561497588,10.334155759733,6.95449919268911,7.7752634055968,6.95213775342451,8.41052595352728,7.02419087802247
23,F,654.273054866006,838.618424667691,972.20997115433,1395.90354140202,987.901310639062,966.543567825322,21.9445073263931,4.09213073807791,23.353895743705,9.76057266094923,19.9874120653174,11.9312636913362,70.9201258564654,37.2903195753066,55.5833522528357,45.6115790236612,70.090174175442,54.4556594444255
24,M,618.144605003741,706.641325526182,972.779225002946,1132.07508595111,658.428807200292,733.295353887982,15.6100119878617,5.20203228881567,18.9173523987465,8.079481662987,15.0570689780109,8.73721872337413,63.936475666269,36.2741730674931,123.111652767494,23.6655637264463,28.4994512276608,125.747800259498
25,F,789.725376998673,841.704922430848,640.913065367676,1301.82221058211,649.304035699986,793.180694434755,18.9009937824094,4.63940827420068,25.6361261476292,9.8497109029325,19.5272075960761,7.79012586247724,31.3958093364623,43.1753305694771,26.3276708610716,53.1384149507509,41.8392054243038,46.3910028307379
26,M,682.72854120868,417.241488657811,913.636534137493,1149.96812408412,599.422633088162,696.005500751589,17.9099949932857,3.68269383335953,24.1513157963405,6.77033568355235,17.8361089268995,10.8308467055608,16.1256997979198,10.2170758056047,10.7122618661921,12.5486069915102,14.0221939459536,9.46619587600455
27,F,579.643240066337,750.25662690178,1077.63072133526,1479.60246271695,695.857980393143,712.323057321167,19.1421554529425,5.10812110609822,24.1310548424163,9.12985989687674,19.6107331436261,9.27241202626053,41.1126240359336,11.0314369134099,21.5001972292772,34.986207336884,43.9810516903792,39.2395790469178
28,M,685.060944915235,264.982609441911,718.971560598982,1105.58579481464,759.594055468254,846.523518093803,18.1300337713501,4.09007900586982,22.8598875607303,5.77636464801565,13.4112164931977,10.0166794269133,38.5163533365125,31.2672839406186,56.1314708666579,36.2907049596018,38.3295047541936,36.5544812228072
29,M,669.141110486799,413.29105101193,948.212478323455,866.204525379631,431.829130773705,560.12871619045,15.5018119271412,5.14259578161334,17.4925315855819,6.68086832269651,19.1004417249082,9.99718309650896,17.6145061782668,14.1519031189021,16.518558419356,13.8317661999811,16.2364572237404,15.283311978632
30,M,637.844421279742,645.299267533908,1137.37626316233,1092.95862981181,747.139139757753,866.800269144956,17.5833432034322,5.54111592943007,19.3355293167818,7.27421998408163,15.5230636146157,9.90203345478634,10.8454891498882,22.2670605295657,10.6654833395137,12.1438112057701,11.8294983554746,92.9795966197219
31,M,591.748559721922,787.636218234014,899.806181278429,1274.43736731274,709.839155166901,945.762634309643,20.5432350380224,6.39357137852114,17.8643560835679,6.94503385520345,16.2679233043774,10.4704518096658,16.7805089696538,12.854530295164,14.5154522654084,14.8438600660629,18.2301694538672,18.6027082917147
32,M,792.231691975774,541.122386996041,570.998111431732,1416.71539829776,719.776323405128,838.843590032492,18.9876553555375,5.53702778159543,20.3575206480206,8.47972262700354,18.7926348808013,8.51077748113063,64.2967852744404,45.8880090402509,49.1592321750499,26.8287980758963,32.4263273893123,38.1013257695017
33,F,636.094636419482,671.637549175384,928.188418996606,1178.8694110379,851.104214469806,1020.8821888229,20.8184853707082,3.39420824239825,26.6453832012196,6.29508231396154,23.1914850036754,8.37228488896173,55.582036343597,56.069450330557,63.1673240737342,60.8236171178952,56.1066248024459,56.2781311298936
34,F,578.685143170262,892.167253223967,672.197907585166,1411.60580182035,790.78416555641,972.027846487224,24.3578311093076,4.19046090012009,29.3544989552827,8.83541456710774,24.6764860084153,10.6989938063574,37.4758201153515,33.524509339897,34.3991494994706,46.1452663644091,48.1822197957476,44.3000237011137
35,M,523.524157494758,538.38532735802,459.181991136318,1208.82400028267,508.694225928932,602.461099078344,22.3386327507734,3.94398202699065,24.438564309513,8.36444476695602,25.5180499508257,11.2032619140762,43.7478750941404,42.0770770545554,22.8681926819431,44.9037543935706,44.549009673702,48.9594076562819
36,M,589.322365229074,728.042321802871,954.499531018827,1538.9790293048,660.422267069645,806.640114172808,26.0937398276445,6.14353192607072,25.2508518691361,9.82645968554085,19.3608173367629,11.1468059125145,32.0631472936546,32.9944385591364,26.9849064777148,32.8920927560187,37.5728437549968,39.5604192166005
37,F,616.075256208428,558.489362719116,930.195907580284,1239.86906865618,762.878969235708,869.22875725682,20.3976504564663,3.92486771457345,19.2882847304982,7.05615797088588,17.1897405299513,8.66575156898475,48.920456593603,40.825136935276,42.0783714477093,34.5911018098288,51.7619812776253,41.538633454498
38,M,570.870837198382,631.414590022078,805.84954104449,1081.62644186082,610.754225142817,694.011098224185,21.6026404772251,5.97766825373474,20.1515207922496,7.93967126316991,25.5220223285484,10.8924946874442,11.4382613017423,10.2609651012451,9.74232757834242,10.8792959090369,9.70328019512262,9.18873136095588
39,M,645.460238921234,787.72523665964,907.91532769253,1717.75962165677,955.103170795304,994.6257039997,20.0484194103027,4.45198228325002,21.2603674180529,6.90487724646809,16.6921081611624,7.65883945400322,32.0658738178884,29.4593618737024,25.3980164522011,34.9391637540706,37.3434608682809,34.3910838996532
40,M,535.468168459701,439.075520565868,1168.50961295362,915.946905368112,739.769331424637,562.456579212574,19.1263005156724,3.17524043076281,17.0607544194884,8.3168139633694,21.0040051411956,9.31562714425944,32.1985580616102,25.365051070051,39.7859035989128,28.3398960753735,28.1402795470426,28.3630548450029
41,M,630.313554511421,149.311191332215,1015.90255262063,1378.28803322863,925.13360590289,830.900228683932,13.2696957376517,3.97001456966623,14.452055983953,6.98798096716139,12.2435692992721,11.0619456038852,14.3658612047469,11.9531338868065,15.2766915156366,11.848882916822,15.5850303968977,12.1076696450996
42,M,569.316098104263,667.879247262429,803.451648909854,1307.05777670656,742.614637056596,872.301003764633,19.5784701633318,4.32746379575007,19.2658891026979,6.90866150591303,13.9695132046727,10.1040843875085,13.3367808204654,14.8638708127862,10.6670372185867,12.7313679489701,12.3322008338526,15.0435910363498
43,F,503.097158017776,398.801750510322,1169.02125189558,1347.2559493291,743.204019406219,897.332820596223,18.9340223617998,3.74809008319694,19.6831246712837,7.32113957442883,21.5025425343874,10.2590885575361,19.6085130434643,16.0978504081352,24.2996612108509,21.5849291708838,25.6497605413021,22.1460499495343
44,F,668.14847333,742.870322283056,957.817679691728,1604.13256775704,747.984247471302,751.750339158478,19.2189255750921,4.03452984924233,20.1999305173055,9.11903417895154,19.3462820697295,10.2545649634237,39.8436718323426,27.1730719024723,60.0614472476636,35.3443147117908,30.9906499455285,38.2941558526177
45,F,596.545064162933,549.528546393899,1166.25438287423,1292.95146412576,689.83114226001,844.096160538963,19.4608739278354,3.54095214493043,20.4852003735247,7.89372505295568,22.1409174317425,9.65616761628334,41.3191619725866,21.5794888885043,53.6560650943002,42.0668432761646,27.7347221435763,19.7763194652245
46,M,691.155170829094,212.584459226208,610.762361275208,1187.93294666985,947.998982085969,570.008292734134,14.3271800677754,3.96961566804979,13.5220563553603,7.02122395733848,17.2469209052311,11.3371307607403,22.7431862745217,20.7372892147722,28.246736896142,28.6708995747437,40.3972045560537,21.2581782408318
47,M,717.901307330133,425.588029878238,1068.92145022201,1287.64626426798,863.516717355219,574.186535998185,19.4873916000174,4.21411945926172,21.666100558706,8.86804325328332,25.4037345045165,7.01672475086812,23.4418363692662,18.8098507491372,27.0532164599393,19.6020771436587,23.6941068878968,22.0991407171934
48,M,620.416280017941,773.627694213295,911.237474892321,1175.61315483436,752.594010306444,752.497062151144,28.7201925716617,6.01950986139735,24.4092219410205,8.41659357149165,21.3259272539374,14.3959857552111,14.8750794531708,21.764341214323,10.1061603576384,17.3047404628071,18.5895419945341,15.7593905413081
49,F,634.940047608757,880.656363814011,1114.71601883284,1600.25497099854,690.571252420696,968.220576235484,19.6279726709595,3.72810499879447,21.0903379619887,8.12890957000035,19.1686284014135,8.07382380579909,37.6839263382778,36.2172922014879,32.1543379871808,35.2390415335782,35.7112713113818,33.1360096787295
50,F,734.895989009856,835.149667381707,822.574272943747,1531.75355299022,953.19292004334,969.902074804855,14.9035823772945,4.25518964420772,8.69206344165537,7.33612004857167,12.432362461081,7.179150361507,34.0599198049079,16.0205043400595,21.1523804270156,34.7929371523942,19.4531558324377,38.1513695783022
51,M,442.494414372767,515.553601304788,794.022012332987,984.331486810776,568.937459197747,675.283419002479,27.6734340772203,3.27989053791338,25.2093537367737,6.3501311660901,23.0147671218607,11.1254231857989,17.5328296746557,20.0862200185845,21.371424936138,20.4165825822534,18.2081771118858,20.5650186371435
52,F,461.587884848044,808.445771664177,1166.8524375138,1160.54285048079,514.154790335312,592.142490483787,13.961006817177,3.64233078033998,14.5153683313924,9.1936978309784,14.5667326266828,8.78824554402322,32.3147890468417,11.4692134570987,17.6559782969723,12.746172569508,19.7926607427083,14.1431315219093
53,M,583.278765369908,532.46193267626,1170.30080881939,1561.36240409472,536.866097831306,648.524191381883,19.9827577138561,3.56343616319698,21.1782972713474,9.32808617901683,21.6503038725068,10.6391571658414,30.6409547055563,22.4540055948746,28.9323776952669,23.889684311853,30.2507209353405,27.9861428055787
54,F,598.549547416402,630.210047240952,633.058055449808,1307.23173889173,865.490606183465,860.85625436819,16.8673633872948,3.63458367139963,18.5471799666966,9.00171310609986,17.7562238732905,6.20921240554356,46.6167217763609,41.3546648361831,31.3403811009174,50.3612923187101,52.2877104116754,45.7585423487557
55,M,565.510117809819,451.560287362285,504.434147683073,1054.98931359148,885.324122418564,1065.9499407852,15.6521247546301,5.06904645458696,14.6436701284168,6.96864222731126,15.7829021412412,13.2768184507679,13.4330610105971,13.3127971748929,15.1253531238073,17.0297972819091,13.8305820483538,15.1744768915469
56,F,564.431336026379,761.438146785458,1257.60883105417,1217.90514198194,740.160120664197,689.285222251553,22.804362268113,3.63838036801818,24.0332288209164,6.70885141129048,16.8294308907707,9.41348850441377,45.3534170534165,41.930920376509,34.7579998952962,28.4467349873583,30.3423846123978,38.30522058807
57,F,746.696138309398,735.05186926642,1048.48399775408,1061.10349035457,770.061088261764,709.529749406101,15.2753432403683,3.91294977989408,15.3970453180131,5.70025223376958,18.2259932341397,10.3870853555704,34.6252116173706,19.2373724289023,15.6196188198632,15.5622043105446,18.9727894503148,13.059862105475
58,F,566.646483473239,715.757072965744,1174.62871756441,1287.87898576786,620.39008928935,773.736776379852,26.8293580283687,5.57726477343293,22.6757190689547,10.3005240524933,27.212145460898,9.41480505463312,62.5160591626725,48.7298942595833,55.3885843337697,64.6397033871638,73.9798912334423,71.2696521881982
59,M,501.860182496555,491.530820634202,703.394027820474,1644.3989360475,622.523209095789,821.126287638452,18.3121288829416,5.24319511795851,17.3735897916564,8.41060002318409,22.3015221901785,9.12246142423846,16.5827970360049,13.6777249812408,17.8139105001313,19.0772486427347,24.5611930981687,16.799769776875
60,F,659.153688303341,920.688351519643,750.874984780963,1925.36408394699,848.824596198903,984.190454021257,20.4411766634002,4.54439051482572,25.9211418900416,10.3154686662478,17.0841807902028,8.78715170505748,44.4041626408986,41.7320910094488,52.9203673384285,46.3427828625341,30.8155851738825,42.3932410215551
61,F,878.899786505835,813.542263824876,902.598429448606,1683.22324709933,689.38308567521,909.12213508617,20.9275415666111,5.48780333987785,22.3691770247288,9.14683091387394,16.9604705155209,9.68718131138748,73.2003270087264,54.948483306002,65.9079737372929,59.9174805427797,74.1209155289657,51.8442693804532
62,M,491.376739369584,302.722990818166,807.230812291817,828.921425297979,427.193424410827,469.713643636277,17.1890438298189,3.54131469889869,15.5984079900762,6.75205402419604,15.667665051154,7.32287777615312,19.6451795350907,17.2091009431049,19.1046295019021,24.0388442683869,19.4271425540624,16.2669323214885
63,F,763.711970971759,412.560098080897,1129.48335363518,1535.93483689585,660.468515517247,673.909060808076,16.7902593453324,3.2597219369815,16.7928877500861,9.9848922828091,19.684701810154,10.2310333727805,48.3446134651968,47.1275602718331,41.193392842345,44.3508014143599,39.0611213259888,40.842416104874
64,F,610.141098560809,782.770648456097,755.146346690304,1509.32679911884,626.254678284794,777.229131871458,16.3188644944597,3.15253104737013,16.4023531921657,7.26806733556742,17.5282832114994,9.56881121678522,63.4863943995207,48.4676585622377,60.968564089681,54.8488178022713,59.5050487873959,50.1645875099394
65,F,720.76946502466,938.017358876583,1295.27679091134,1428.53611801177,669.658798463744,741.877087276714,18.3318509707088,3.92327460733206,18.2053763199357,9.86446178278791,19.7253260549096,8.9818410912136,32.0388593755285,30.1452482653863,24.1006613426885,49.0478778224252,46.1712340158312,41.9571077335834
66,F,449.072857808717,396.074287896215,1080.84456010575,1449.10858983283,872.095259434083,742.039127764477,15.9910770509597,3.86290908732067,16.6479178434363,8.97854981233672,15.3081562531866,8.18670283961503,49.7132263921393,32.412066772916,40.7865668327481,45.6055063228338,71.0255709174886,42.5265766758277
67,F,571.348469084543,864.279403186321,1168.50333881128,1626.24722360061,830.244698881771,837.111297699322,21.9463879606993,4.94314979702018,20.4789153258419,11.3678063289164,22.4974589185855,10.9315608301805,27.329417648125,28.3088195554471,49.9846642224604,32.8773989225485,31.4369649481786,28.4792149659202
68,F,796.951448598615,834.587461774068,1115.11256022102,1843.92986476986,1156.53090471495,1301.67846178867,20.142904801017,5.48563571363606,23.0704886108406,11.4140791485844,18.6139778036199,9.97658267422569,47.3823551694513,49.0328768889575,49.9262755440907,59.5438675567717,55.3744791274801,58.4754479687849
69,F,607.806923977757,566.974987407313,791.346042117206,1286.36242473873,534.567360551601,493.009565024179,21.407763376876,7.08176006847548,19.3113388320519,11.7759224117397,16.3182996358227,6.26800992529377,40.002825031642,46.3314182768621,52.9348326815415,47.5329873030511,51.0699865990932,44.9689029211857
70,M,558.329437861146,661.430034546947,644.183371407645,1309.48080418288,753.571224018128,947.437549562483,16.7750647088164,5.35910972964643,17.4912787182006,7.91546512623163,16.2662360913035,13.2724478076416,21.7464417814516,13.0764136656134,16.8088583901598,34.730099749374,42.1606630429939,26.8052775796494
71,M,769.840236164692,562.974630385921,857.663234251674,656.074283544712,591.134416888958,690.777112107427,11.9433418205406,5.08566912234741,14.0874339384575,5.99880181880109,14.6604623802416,12.184355328094,11.9257696702259,8.23841478222762,6.94938758029736,8.78398497137957,10.8778867128559,10.0729423586949
72,M,988.553978203509,585.128748563938,1063.12148096827,1256.34380881886,776.793990785908,745.305903675203,20.3486420147548,5.19523434636353,23.6040598657948,6.63533441950401,20.8865586862467,8.63560880493787,21.453741646544,14.4178895919419,17.6420406761507,19.847484289745,16.7412659806645,18.0069924000825
73,F,725.750781164397,989.222296411546,446.118386539226,1568.43220959515,800.868056730241,1159.10006938118,15.9895388025533,5.5967493450999,20.4117106128332,9.2622169388368,18.8375463599356,10.7534484651631,41.8687480033027,37.6169584903728,37.7851238903024,51.2947542374824,31.1972280943058,42.6928859996906
74,M,541.039319994179,626.832333146571,818.98880788927,1285.20835502269,818.778591302004,752.76861417555,13.0580445609969,4.73129246165494,14.7462527042512,7.46443935243915,15.6240592248698,9.1985185211581,25.9865912981521,29.1491815244216,26.1259857981192,34.5215857293825,33.4039877270217,32.308573493156
75,F,563.895919153224,667.998316828674,499.149636238193,1531.43059200096,818.388228162299,896.371154887006,17.0600897805402,3.57251448014922,16.9854020566636,7.39287879763705,18.3626982563581,10.4660058111556,46.2091985360295,53.0465100401167,55.1236586113509,51.4002021384562,64.3685801711792,63.115884952257
76,M,680.147934486225,621.297839220748,814.289973685322,999.387697717062,780.476130323687,929.819658092801,17.9026696800974,6.45714982107713,11.8894334092366,6.68770710208392,18.2038297119067,9.82925790859039,26.0321809886665,9.19010390062839,11.1889326826551,14.8565168857795,10.37889711834,13.3308264742258
77,F,824.547404475883,1003.10792285755,718.474376694428,1753.11206054367,1074.73686486438,1019.89670472875,16.2244137561825,5.46814466346355,16.7648701028406,12.6743284565213,20.0425580409217,10.2476465102681,15.9023568363062,22.9991903460103,14.935832378162,17.7060249959434,14.4174532978614,12.7746070598255
78,F,521.89022873692,717.151105148119,1410.58204032381,1344.27209144998,836.015935239842,749.641331407074,15.7466876958847,3.7647952967845,17.4818716225423,8.92416556021819,17.9040526470686,8.04067879088272,44.3060528935159,33.7787196002846,39.5966555534856,59.7981582523782,47.2206309144851,58.1254522419118
79,F,477.077281321486,540.238764175793,1253.48324866253,1894.29683838709,597.373401344722,601.077903292246,19.8516086546724,3.11143260726422,22.5226171789374,9.09546268408254,20.4174571286209,6.64155931662124,35.9457784666162,27.916091230174,43.4015884662644,32.8182265491332,38.5143663487679,31.4114602299934
80,F,852.902064160947,1088.59019300829,951.676515971683,1781.501890581,845.813743596824,1051.27609787586,21.1442556963232,4.85789828368688,25.5316032437643,10.9395952695882,21.8012035428066,12.4259919769555,36.948370422558,21.2172198753798,24.5002270834414,33.7271357023983,45.8238145558442,53.5290509531468
81,F,611.697913354171,668.349242327348,846.61314261529,1275.20525128612,586.221020267453,787.988504855792,21.4750196877263,3.44088239883568,25.1410140653901,8.51390658615961,20.0635620004733,7.51037774397893,28.8985407206607,29.6740837220232,44.9416907222474,32.836047894107,42.2384209398171,34.706981857965
82,F,773.903399084794,976.292617555143,914.419914176692,1471.16734354558,737.726654916111,695.013842276302,23.1350626571512,5.91752851214365,34.4498042040644,8.72148711341216,23.9459320983897,10.958378990896,27.0328447840654,28.2907621619684,32.170796321381,27.5702337859384,31.8107762394428,30.8968391126944
83,F,508.326530774041,701.552080645323,655.891313728964,1252.9923804121,596.718773679853,742.147985352265,20.133704313479,3.65738045065776,18.6924518215711,11.0703629562148,18.1119784075221,10.8754735001366,20.2594666386704,23.7995696737039,14.473477867843,25.7446406066101,26.9923733588196,25.3316677055132
84,F,733.685808407469,403.909574083775,726.223217254665,1777.7627385806,1107.72348104048,949.107779272141,20.7845095827991,2.61953665196839,19.7990105236301,8.95674706873785,22.5876348068831,5.99890124935902,59.0929046570153,24.2310763013313,28.2813142686685,58.1025166504637,58.2754438597723,54.4443725383475
85,F,824.330228918124,1082.1933350526199,876.674334872819,1563.89121656644,1008.91872268573,970.116452297253,21.2286454405194,5.52758596691568,24.8522916305091,9.37436327772464,19.8157155675708,8.98488379187242,28.4649622959765,41.7542826093145,31.3652509485462,64.0838398658477,36.274447904868,53.4975777320506
86,M,922.228189613348,1067.69791229554,1185.62936294716,1523.53484559354,620.742333128752,737.321086594427,22.8846583063306,5.54818777547107,25.1057385204383,11.0222876597543,21.3907347344617,9.57068064850898,23.4122752583081,16.3963006640162,41.8733368874205,23.2102659967619,30.2271535665181,20.8166920772293
87,F,708.644568351441,259.92172207272,1076.97141652625,985.601079549058,599.592421390767,731.876009923034,15.7311851535593,3.41392764434409,17.795931984456,8.59569986199,19.0729632814298,8.72662663036192,27.3459820100227,16.9685189239048,33.7796767078871,34.0223962071034,37.6615601840208,27.1616917683783
88,F,729.864956119885,887.406458197713,1509.20443386196,1335.18757188212,953.198163270382,1080.85061892323,19.5269737019554,4.48171960785676,20.4051943435049,9.3823924226771709,22.9360753894088,9.47675929502198,49.6412343886032,45.2448214352473,44.6747418774205,53.9970905014535,56.1004717874617,44.9535455943739
89,F,713.703668301695,926.511809269798,1459.60705712473,1641.57791489719,944.074693806515,878.811222098351,16.5446631030325,5.47546493491494,19.6306738049722,7.98373852147627,19.1219801564651,10.471090433011,51.984735911711,43.7915983542061,51.2097956324677,50.1004629545306,23.6966792888565,53.613562001382
90,F,644.314685559293,881.485482959794,565.517861174547,1718.19826805645,987.013468916907,973.882954547588,22.8555571154593,3.30181121913122,25.1523712653908,8.20309096871303,22.0230245959614,9.19450298460367,29.2057318172599,38.025419655261,25.7329452130396,30.8596074659981,32.5067185655992,47.0068360259521
91,F,714.141374716086,704.536029323678,1028.92857941125,1664.42016811585,698.339285694155,677.249495470481,16.8262928172094,5.34121086993991,16.7584923476397,9.43181755175735,16.4929644430361,11.4823210884447,51.8430783410771,54.8645141832743,54.6175205698627,54.5558561874744,63.6966077705457,53.8663831042704
92,F,718.002008898073,1010.01335320842,659.610343314437,1790.34699438384,822.376193353888,998.763705519016,21.2481450677721,2.97348412946371,26.438201779938,9.82389601753303,23.5207716089394,9.2489386396848,49.0038263562867,49.8339773415616,46.3273606058575,39.8782449452243,54.7172354199723,66.437159605021
93,F,526.334699034956,617.693571984894,922.767929379766,1272.86198297264,615.875741616985,832.418089717454,13.645842575064,4.35304103243887,12.6506055207205,8.05481792592769,15.8050387422977,9.33880252616231,26.2912455644317,19.2178802175079,23.8267625863535,24.5206190893941,33.6525003759692,24.7981191441073
94,F,352.638646760001,701.517905983041,870.005518146551,1163.2249296097,538.982876730566,581.662793353037,17.6428221682433,5.84638080058646,13.4536302323484,8.33158954836482,16.4771736895685,7.91592886300133,50.7955091860598,18.4263735061769,28.9070719947844,29.5279680916211,32.7815420854387,26.4519823661148
95,F,572.792420739952,1003.84916079786,576.214520411741,1251.29417257024,450.241242791482,480.193716296136,23.799078106545,4.20672133252493,16.3463795740186,9.65422017319125,19.4439239420954,6.99872170743898,30.7897051063815,33.7041464832512,25.3279445056334,37.6164718054721,42.135389715257,31.3301142400959
96,F,640.21964191121,569.999967575881,948.883241253227,1430.85517606897,972.867740432775,819.474752790782,14.7181860295366,2.72093363636342,15.0136413840659,8.49846629456299,12.3605412969527,8.16320037186585,NA,30.0862838408126,NA,37.4445818954173,54.8012550053413,24.0656841268374
97,M,695.93712238304,742.276774053141,1046.40523162927,1294.54276423655,685.257776707282,617.514487009266,14.5281825471698,4.89359860881719,19.1640345539543,6.45797625469739,18.5186821847786,10.3563066182979,29.1546319618817,25.2127739133998,31.8328564030258,31.7825311409806,25.7946396372887,31.4173888738287
98,F,617.967192720588,598.204388456881,1118.64869109692,1751.5166443071,685.998802584602,626.76862512727,23.2142775790875,3.12150662116729,18.3318170746628,8.71253326823971,19.4344225802852,7.66175764172188,60.4154203182644,42.5262683515786,64.2807425735142,34.1242480386112,39.5717094757834,65.8609234953837
99,F,702.63293588004,751.739334262248,944.822805903973,1673.52321762978,639.324367807407,897.259260067757,20.8876722888369,4.12131582831226,18.7153401485762,11.4538479681586,13.7848882287662,11.017685957798,16.4779435415361,15.4674462563962,14.6017301563698,16.7043343286314,16.3270425739364,40.1500744379313
100,F,713.789249371463,776.632876880699,720.149832324229,1871.49975403263,658.269349014854,621.466928913757,18.6439014957108,4.22504709066494,25.7917793262726,8.37624719899391,21.2482123944575,6.04134333087361,27.3871068029751,19.2696386780972,28.0202698905457,24.7073223518818,31.2835059188341,25.7637627064223
101,F,548.561124566389,802.73979273061,1051.80174169074,1363.05796786291,699.762633650573,870.256677108332,19.0070808530575,3.63042472948464,27.024288565136,6.85113229952154,19.6376565016234,8.17800445134908,25.2902284202875,18.2747070703694,20.4408081342954,22.4661398408151,21.5238543028873,19.215667797785
102,M,692.860464824592,896.638274914002,1637.06185736988,1559.04121503148,835.280910166036,970.92832154222,26.6371209188266,3.57459209225184,24.4375678771451,9.01391439021439,27.1122966366058,9.17207130437236,18.6721953069254,18.9341501986297,21.0737623795301,18.5361888024041,20.3769599878666,19.2844594641282
103,F,689.806389353261,696.527196266672,915.34930244039106,1828.89329921714,801.186558718041,876.546990896705,23.3540500692571,3.89204382657735,21.8544619795922,8.70426240463655,23.9761639059215,8.47713063710836,57.153662088151,55.2780544071157,65.5629566728079,50.2538987120296,36.6712079188851,52.7325593090497
104,F,677.48892961434,816.387892881333,817.123607416067,1135.17028115707,600.068875682244,543.816719237911,21.8834923471716,5.88585556977052,25.955401718387,8.2100589794407,21.8254293012904,11.413866604961,23.8990538025663,31.7751964188426,33.3237101558781,28.8618221676413,34.2281666722617,37.9849427874621
105,F,575.646177893896,1013.2380160995,1156.86447553347,1614.05082912048,697.063994102346,774.252721834297,19.783529731347,5.03481184230007,23.6600646935924,8.54061781806385,21.767868246827,11.3210586854219,26.8213746625635,21.848449627759,21.523875939174,31.3866556055245,31.0823005724976,37.8090488093789
106,F,761.420184017032,399.218583037898,1363.41559501757,1226.07783389716,1069.57729574985,981.808684920776,13.9686916680606,2.49897603927994,12.7860423550674,5.79429202084936,15.414045462339,9.79387796984299,48.876722246274,50.922594130454,49.5249854861905,47.2473554441991,48.9524282593817,51.2371453413668
107,F,655.138462912464,734.806557726364,592.715980194886,1615.33306921299,754.92621598843,666.89235353601,17.6342158038726,3.01809124503528,20.6112051491308,7.30476355435072,19.8505846217297,9.69120797643599,48.0110218468027,28.6048859685122,45.9154254390437,54.9260736383377,47.8458884680589,41.5252293376747
108,M,662.057455361362,432.32524949279,838.589550062992,1079.08763183894,746.470118078005,808.277525040556,15.4463229331129,4.57957171187824,14.1601625725709,7.08473978263023,13.8978613264949,10.5304953250252,10.9751586217555,9.97048676673504,8.26087652444766,11.2361628491844,10.183909010367,9.93101014382145
109,F,468.943199336896,576.676032335925,1295.53089987513,1133.38109164291,692.104771220041,706.463055561277,17.565250847072,3.56157362833685,26.2495025594846,10.9814879418843,18.8901309682551,8.77259643592319,17.0081891681605,15.3382896205473,16.3255665174209,17.5813226059276,21.2435483414615,15.7101068073776
110,F,619.703231627704,1104.60145854292,1039.41552590104,1451.79744200179,919.401218200886,902.774323307725,15.7946680359771,5.02809174840266,26.3147798521384,9.42777833013034,20.9413961810402,10.7687163941558,71.032161131775,67.5737052788832,75.1691816629441,69.6120793111917,75.7528218253264,69.8716228641042
111,F,860.72936360788,930.585047439762,922.761319538897,1736.52939868332,829.415540132593,811.17664737581,22.9014116241285,6.07738166493354,19.4387997439128,13.4251456633613,22.1630160239805,13.6373625623772,20.3714632551507,19.4404508987105,26.0243199824914,33.5724867711174,27.2079915304517,22.8066356670521
112,F,753.557298594495,815.122416022715,595.884789306025,1849.12869424938,836.09675707573,850.953459528441,18.4814637360048,5.71871700211131,21.0674284108331,11.2020888475611,19.7139881465981,10.7659136129997,44.5902103551752,35.5635881923826,29.781247434762,40.3076918149542,36.8086948453394,37.1794838453619
113,F,523.507916689038,579.243902361644,1365.93007085851,1418.02001703318,822.064663884652,736.875039176565,14.8240416971352,4.20558306611202,16.9427667493657,7.14355816309542,14.1659040638921,10.0563012344881,27.9697024857056,20.2453877110643,22.0257363144644,26.3980697694995,33.7591176058939,22.9930653813209
114,M,627.895624120715,1109.5475226759,626.799643713705,1227.55790492477,650.020543644413,924.852886687155,21.9657091900524,5.40652071795786,19.5411966309424,7.12009212675505,19.5617118410138,13.4577243467082,10.6788366451723,5.88301631145769,14.0456041894776,6.47584521949713,9.77890178674162,9.62534214761669
115,F,509.520976112144,714.370554788384,878.782726599016,1357.64131810636,643.121367316827,755.392898384053,20.0042936567691,3.81170864666136,22.2970109018363,7.36721233275203,19.1521918226875,8.31771496773529,40.9955567960635,19.4713981626587,19.7487502439574,26.2756797641073,22.2134701963723,17.134980036657
116,M,522.379166850038,384.436223229006,1364.94818134802,544.089924712495,780.783813327525,568.023681213641,18.3461771700836,4.7881772301176,22.3215007727013,8.93149059989987,24.2494475452614,9.82691448374386,11.889128323271,10.1274005677647,10.2872160321787,10.2367338191657,10.0725111594329,10.2357450294695
117,F,751.252823071601,578.6267242293,991.189019161603,1031.20238242418,614.702872170902,733.504684998024,12.9510337484602,3.49327816372331,15.5980675970355,7.16890877644729,15.063215754267,9.03071684230621,46.3640661924189,24.8803728699308,28.676698121721,44.6139604935459,47.28785306293,51.2689705220103
118,F,725.40609709298,1001.65104111227,769.218140611871,1566.52387054557,927.001922283105,719.578142737984,26.6211498265127,4.30655751713017,18.2296891288739,10.3262727554181,25.2655484206275,8.92550698274052,20.1411656597156,17.2783386093039,11.4198148859432,17.9181356477608,40.3120991839671,21.4119959043739
119,F,827.024612255266,610.356512851675,583.924498030747,1788.15406116622,769.462231637969,693.403382503797,14.9192858046052,3.43746711258629,18.0420011283003,9.61497139390932,19.076909297814,8.53941544613123,42.9587067893509,42.2231641309896,39.6180509406932,58.7713143051029,62.2215886880927,49.6436802392682
120,F,660.192176535767,545.555363670259,1122.131613464,1668.74186904965,761.566049934863,674.865778246474,17.2480180970048,4.31432863993974,15.2206664396972,10.2160516208891,20.3654677635301,9.13985457109428,32.6972629167864,25.1399738708225,39.774324549838,30.9245241863486,35.5511440696037,32.1752665196466
121,F,786.395044218531,802.65945460934,1127.33401025907,1515.34012837054,735.215851182003,912.646601029935,19.2673912773378,4.53616561543177,16.6115277449985,7.85532716255264,15.9364831487777,9.53578142493663,24.3070333481244,24.8061240577528,24.3702410099033,26.7392757952857,24.9334341304761,25.4409908573984
122,M,679.770626469125,781.293025032593,811.537684389098,1612.41446845431,846.776030930106,1109.7462299235,21.0019396022362,3.44918377110382,9.83661451927712,6.76613312540289,14.4847450355816,12.8250524710267,13.6172302729854,13.2441838962998,13.1868649073484,13.5239945402187,16.1854418012341,12.9591539405296
123,F,718.153389704888,914.101266123621,1124.7070716425,1583.6995343301,539.593208751597,656.816015877694,21.5105368991115,6.25730284155969,27.6969384484384,11.5161217546681,24.2394698350157,12.0984442360961,55.9011425827581,42.3651484476247,30.7619995440531,36.5613147163174,24.5007251325991,94.9894575696732
124,F,630.822176373561,679.456473900534,601.620495584358,1429.28449123811,604.644477307983,806.918134078373,34.6817297380462,5.53737367093819,28.1828423794999,10.9424175289293,17.5263455607777,11.9783882171225,36.041687226927,28.7866012553139,31.2421661335686,36.632292818554,25.5800665682639,33.681456946191
125,M,883.297935086176,335.792724545975,1176.95256523119,1041.2644471731,1099.22455985026,669.020575499434,15.328195800477,3.85725766026615,18.023575970939,5.54654318228241,20.1084675298806,10.1087453453038,14.1169183447016,12.3645298833442,16.6452001172417,14.9632085472907,19.8513493353701,16.9548689677792
126,M,782.854887296295,975.572683496857,889.235196362112,1710.0247444052,872.220545412878,755.499853684416,16.9873318812708,4.12153551679606,15.323553303547,9.02973321718624,15.4567795436035,9.20578731812975,23.7038136750481,20.1316406482119,21.0376899678647,23.3949401336786,24.7916764967848,27.1667218269609
127,F,791.415952186994,795.7933083749,838.675637537239,1778.65203928449,1013.5748901437,1049.90458498696,22.3263791326843,5.19599033954788,23.9086188473433,12.7544448095268,23.2747311365997,8.33443166195238,41.8107246454069,18.5340530769968,24.2614641480036,16.4133862923771,22.2691854217508,16.1785960392011
128,F,797.531429075219,1006.60731666517,502.311192774517,881.199722958435,626.746187539312,658.660113904338,20.7011512707455,5.90286221510856,23.9934135888071,8.822530823051,23.0885683239409,10.8454903194078,49.6829096446168,41.1659919811299,41.2233448495033,40.47059792137,27.7224926842853,41.6157425328666
129,M,634.206705592156,600.846080000251,426.159570112798,1049.18763514166,642.763001075073,824.227061169121,26.1106761320428,5.73196758250235,16.7674571431512,10.3711499059525,19.5465517176317,13.1867085100023,18.7697119251234,32.3669140669119,21.5347334136371,34.7244741536286,17.9769857348093,31.8156430028086
130,F,479.786730199067,825.367363625385,1440.10119112631,1403.80673262037,591.852644866817,803.305910379246,14.9510346517431,4.80734833352932,21.3606227233749,6.96915341526396,21.5260550743909,9.90811332778408,25.3194236112835,36.0882014778651,39.7359455809778,47.3679236327236,36.6271869795186,37.5946112856612
131,F,779.197862974048,880.539081840169,580.280829357584,849.930010760821,1008.77103755777,1035.33455339428,21.4370344673136,4.39979967977627,20.1271812886115,8.19834156173512,20.8633921672529,8.09693942971698,27.3702575354342,42.6325848524103,45.3220721394524,48.3735115973562,28.8820569668729,31.2608697963508
132,M,832.928946187182,625.243353527748,824.995386928229,1161.99355742108,720.355178443607,768.098305118757,19.5087222311024,4.33372668843564,18.9937933124804,6.2539488099013,15.6088989336504,10.5572572384796,18.5455617367631,13.6014519577936,15.9618786020412,17.7589185552293,16.3443727319055,24.6512381786911
133,M,522.313238890625,625.402356129421,1276.43157642046,1602.12553131195,622.057341211726,836.602443800098,16.5471520136203,5.51453391511365,12.6929574375315,7.2079312660009,16.5647210481727,8.03502463032289,13.1444364018377,12.5467678421522,16.5087653577738,13.0823249933418,18.218809827908,13.0752372164549
134,F,652.6944277236,369.626787211839,855.638038520339,1773.02880052972,739.343835652968,668.928248437143,15.6820010657324,3.11329891384322,13.961942274183,8.56203134378667,16.9386050988846,7.85256229493643,21.8387677779808,21.4686125964748,16.0721816568145,22.4486819471555,28.7860341765538,24.9819598002331
135,F,829.95828240994,831.676147791103,1288.4301173445,1542.91674482885,877.330262694116,873.315461023094,20.9367396984373,3.86271218244953,23.6537532269831,6.88522703741832,21.9270039150043,9.77610193047922,52.9766231169974,22.0714833527135,53.0088072333713,30.2033858541171,24.489828136606,21.6331800718136
136,M,570.506656979618,474.958668742169,1080.75599233197,952.20874495383,792.015346580401,761.787347720577,18.6466935193979,4.49437743980276,14.9279247671315,7.34791951386993,17.9970695585318,11.9498690816752,24.4842244263412,16.8158031874285,18.2844566358947,22.8547980538866,21.0844183437968,20.1794662064897
137,M,628.444461400177,599.356138705648,684.890796715387,1536.94243815073,708.657774596327,707.193406511513,19.3854676856608,5.83193918120985,21.8737136152582,8.04384087869435,21.1954724582444,10.3009969888371,25.1068627409185,15.7436857212821,18.9455455725295,23.4731389454455,26.949247079774,19.1894962314231
138,M,512.179867546971,553.66533662839,1139.60722024145,1019.03785856277,609.028485215916,692.814611534907,14.0713910389736,6.42769490198476,15.2576591239304,7.30364081596365,13.8292201044799,9.64724736703267,18.9916201952493,17.5007939656475,12.1053270580728,22.2654358210513,26.93078646018,25.6011252693584
139,M,371.767667216077,365.796900616595,658.877399139524,902.051554852978,559.281570503126,576.070765180182,11.0062611798752,3.34220708363932,12.4252202328411,5.32062450710941,12.6965043461269,7.56679750321583,17.3495118761733,8.42975507362067,8.12960354032617,14.8768794295574,17.1283826899197,20.200648822147
140,F,629.68396415545,616.798351692954,752.141783853045,1484.97738548156,719.767902033285,917.204298043735,15.498459919842,4.48342587703707,18.3027196623474,7.04115772955599,17.7472187417904,8.76998806640434,36.6352106768047,27.9561822895583,40.6641887485602,29.3623226346068,20.7777396791901,33.9268410595247
141,M,546.430445191096,797.195219721654,708.341763034239,1609.0529297494,781.989108703124,783.724883279537,14.0351684204324,6.63826481419537,14.932517083373,9.19421868254649,12.6826142240159,8.86765593462875,9.83938157200168,10.5202895754164,10.5131898158574,16.7292731405347,9.86824262578558,11.2564930360433
142,M,598.714148400735,213.812675483157,1222.43948846365,1056.83120584833,741.191637015128,648.392875130312,15.7908394610504,3.40856953979763,16.6046956722254,6.57040430765435,15.639399523934,9.88432485806798,22.6945440118679,26.1197816869378,15.8029561591878,25.7309749100552,24.0000170404189,20.2718418351377
143,M,539.595677862017,586.548124809095,651.238963382957,1278.51029266097,794.093521038849,755.084832234441,15.164409066151,5.02207428844868,24.5612017535505,6.93047603097038,19.7604118770577,10.0808055982308,20.5879795170368,15.9249695329539,6.84941275241859,25.5140258081439,15.4626229132235,14.2528340620546
144,F,590.493114147403,658.335338051886,992.84731863085506,1704.01400055902,914.917145695758,835.996289186496,20.2431259810499,4.42334091856932,17.7592181840438,9.90430367185956,16.2036302228465,9.22659537995097,41.568269911654,29.3424378293604,38.418443283051,31.7722612587439,36.9657495876661,34.4145945061548
145,F,857.541911770809,795.389138761316,1102.57693320546,1506.37165057516,816.910978448394,1176.09346809388,19.0777544350953,5.2017089074404,13.4291773028145,8.708268449809,18.4037274240453,10.7483415858864,20.4509713681513,10.4801849366652,12.2336895425298,12.0429833457694,16.6328949189012,14.352059434194
146,F,670.24206966308,730.357912511458,969.363276864863,1284.8516986371,891.021973887461,795.706016568865,18.5135585336659,5.71305421643294,20.4716316304474,8.92044551203576,13.5279942863191,8.8914087385818,29.1740570038685,62.6618596214371,18.0734330319593,63.6693558894044,19.8477312757558,66.6081424281323
147,F,814.621397380476,922.272362016605,732.717176836515,1538.39220376761,880.514077167017,952.86867480074,20.6591877330544,3.7475033806901,20.2707287828476,7.76097371030491,17.7191776242103,10.2846769414031,65.5263530916209,58.9511942040599,60.6145319583595,59.9728414707528,41.5281714072579,59.0288695739654
148,F,840.58718402854,796.965216741031,946.674516702321,1535.27880440636,776.494370510729,747.59566541205,14.4529934235953,4.03298319032746,21.35670007351,7.68487174725964,16.6393776958316,11.8712027698196,44.4119882474465,35.119930451138,43.4884205763791,42.4980130240109,39.6243700980583,39.8546212409949
149,F,850.932426827876,1373.45246243275,721.501239472861,1811.66604737832,1091.85757263732,1443.10948659868,19.5426871939867,2.78447102779634,17.6642959572024,7.75454849828828,17.677480009711,11.4954788985706,30.3184650499542,15.5096449262098,19.2420041856792,49.954186549239,19.6144205707627,51.4208870764003
150,M,536.930276821688,426.640735615289,742.137407117932,1123.669101354,717.221618716154,785.309458009395,16.4111064275164,5.13960950079171,15.6429631630028,7.55800084933503,19.7183996615885,8.67846011140165,17.4672837829731,11.6621817395676,14.397032699445,12.5938586765388,14.3845226466509,11.8693062076996
151,F,434.117140291963,610.933577863814,1007.37226001637,1479.91504766866,536.452996049461,765.32741071801,22.5442746535893,4.13241983110366,26.7441954591453,6.71814609592012,22.3260597228365,8.86607783777439,23.8334090980994,21.0536099486305,33.8106121889802,24.6579772637322,22.7385362147815,19.0453379263953
152,F,659.955871230226,1015.02987103624,623.062871959369,1568.48997102292,691.18964113668,776.781933723294,22.1736065558741,4.3157280769283,27.3356816599313,8.15917011723744,18.4845117433828,8.85490546587783,70.6904975603019,67.5416542939759,41.8629335452744,59.1239082315427,32.0849483113351,66.6472847725807
153,M,602.628310688403,620.66134395881,1050.84687264598,1231.39026983713,716.136375677183,723.722647717241,16.2821645965115,5.5957548669402,16.1189052312272,7.62602105321898,17.3669508716496,11.6766370561214,20.0685842195874,22.3458899309384,17.5169202822877,31.6399813965209,26.4233497560422,26.022647730579
154,M,542.997129357832,692.765025485049,973.021589973111,1383.04693045445,457.705399070699,523.808247563636,24.8847920126196,5.52154391684255,29.5734953310173,6.92437798083416,22.0562260710368,10.4537296606772,13.0655702253186,9.93306384456109,17.3622111075923,13.1700799993321,15.9307962237469,16.8864963944889
155,M,666.131202428594,912.722501451714,1019.68462426272,1368.1391985609,678.375034515782,901.464063796592,19.3801674468784,5.75890167076972,23.720999777195,8.68988903908547,24.7107588707962,11.7983168338577,NA,NA,NA,NA,NA,NA
156,M,855.877723750809,630.416848748198,791.130852190013,880.480457587942,844.797794919986,871.933720581213,19.2210931527758,7.37780867988131,12.9772445827839,5.87436546818072,17.8014551472909,12.8617703138274,6.5459449103079,5.68452167890263,7.16236520317014,7.64106472680514,8.35405002561136,7.81578558923414
157,F,851.887845978571,1211.85478483776,954.517721734098,1823.57392081362,885.213430655575,924.723746177683,23.6292779417804,6.76250002112888,21.4203582395899,11.5865763346826,20.8488471103183,14.0631355461944,15.967496931926,12.2782455507375,12.8908361726727,13.0135366276913,14.0965727223928,11.748040927083
158,F,778.885116194901,874.123846571514,1190.38933356678,1739.14516272083,495.249559982812,732.705751981963,14.5251191155698,3.52735161374836,13.6519152471752,9.74512546440276,20.404073298392,8.36948268791205,66.582013276505,60.9868461261854,72.8460295891012,58.9573777768583,72.6105777042616,64.7175251961975
159,M,784.348384000107,686.247796681613,800.266817887108,1272.50177066137,1069.46088056304,849.261686031204,28.5572152453691,6.01723941222555,34.053570233471,8.17266237782865,30.5161111745943,14.9185079331742,12.833236766889,11.888284285087,16.7454344602799,17.5859462994425,19.0996144432467,16.8714542515294
160,M,526.113706927094,566.120159543984,837.147239170413,1215.45738298835,624.838880176343,710.167317024369,22.1850197355192,4.62455817621011,15.4001681745745,6.01480918738704,15.4007829887788,9.07248778993027,20.1254272070353,20.3130591364659,14.6509226113276,27.7527394235017,23.9202417312083,16.007317071718
161,F,628.383906865121,649.105290461658,540.456974664708,1837.0240875972,664.318961333831,839.331305800464,31.5058570643387,2.82820554342758,30.3469383726631,8.95657161751077,29.5829021718524,9.59331013572715,42.7946006696027,32.6702269043168,72.2532660281302,70.9744878445889,58.5868859751263,56.2140106052505
162,M,517.745867917287,554.030111302968,928.22969965445,1153.76348995252,647.382836803485,806.013753475225,14.3954663244553,4.18293312260494,20.3839070778835,7.67706337067146,17.4643687587844,9.51975534218843,32.0961021609598,24.1121096658097,35.4987573264147,28.2062965342145,31.2639552286279,29.1177516607756
163,M,787.45859579432,302.456311062973,867.195125718228,1256.55977917783,854.078017003218,926.316552118522,15.4760659659287,2.5089063567553,14.1837070221896,6.40137848497385,12.6950675494959,9.01924505217103,14.9691238061352,14.9998703229074,14.6535058312187,16.6365809848804,20.5954600931232,14.428206473035
164,M,614.309978266049,942.399469285948,831.255466215565,1370.11420977617,689.496801244112,833.397589657605,22.6708938428272,4.85790218882821,16.4468533596664,5.13521365871629,20.351836048305,10.4710606249053,87.3713216892724,7.94498417062457,10.0008072880057,14.7293977203505,10.0431357684184,6.25185259041463
165,F,640.239477255557,925.720313470442,550.421173452835,1776.30243141466,846.531433659719,1088.98060674355,13.7749313544461,8.50161856806197,13.5559503384331,9.58260053877481,12.9548749270542,14.499353803298,28.4484453322663,18.7465390059061,28.6791761316049,22.8305331917029,30.6383178148686,24.7463625752339
166,F,605.082937734396,520.393891197524,937.69074893285,1651.69284775128,884.836316887492,872.833322892331,23.3536763225684,2.96651392384598,20.4100117144997,8.04695317369811,19.2885163422837,8.45532393161012,18.6064308985482,22.7781952810294,16.6051957762554,21.6966003936466,24.9638337547418,38.9098709377726
167,F,866.216095060844,793.16130754595,743.01861656532,1471.29870171195,991.267348933186,1165.91196423502,12.8941260085465,4.55526009006504,15.6717993714598,7.05925247408454,14.0055239420588,9.22074625015783,12.2531288222867,11.7846458338015,22.4148732065304,14.3434411127926,18.5201702697926,14.0633433426344
168,M,565.346247117115,385.120363553064,769.365335809355,969.412679509151,428.433101503931,631.321289792245,18.4218704658759,2.81843211208544,13.11060740588,8.36443340125811,15.0508463677274,9.31959512414438,20.0645947093476,13.7752605526263,20.2199644077707,18.6965596800056,19.5001071579239,16.9607771831755
169,M,760.370485925583,937.49743081029,859.421159074136,1214.65840962928,572.131796953083,521.08546932076,20.0997064361636,5.06364562792003,20.0460971142948,6.84929378436346,19.1195774901612,7.0820791211406,16.0650086383242,8.69684247166561,13.0210131293995,10.5219819350228,12.876922419788,11.449598167883
170,F,838.968055658759,135.197579202635,1102.92741165338,1466.36641097274,807.353706321355,798.797397836638,17.5412292780764,2.15044893960432,21.5348934055194,10.09549958895,19.2028296016201,10.2086359425926,21.5604823273799,15.9420557422744,14.3578749814885,20.2931716391982,18.8333944113638,19.8079536163883
171,F,568.530782921339,1103.24290849523,1088.88747185713,1386.67202885986,858.869165830428,992.711361183391,21.8114629994517,5.73441094051391,24.010414407097,9.47784085928302,18.0991901505183,9.24819243473229,46.8373908005422,58.0553882004591,34.2081334083028,53.7636186720357,47.2470679520897,64.35065602634
172,F,595.322679992162,810.327353972956,1078.9350311237,1588.49943501337,516.59904451067,711.87987294123,15.5964985547004,3.85682439649757,16.8650125761848,8.05425057154137,16.5376585857831,7.60996741572476,29.9954309351677,28.6814918670673,23.7808882200921,38.8969440145734,30.6701820218416,35.8687254544109
173,M,638.019100271788,667.907661539053,1086.5232714433,1211.00635810623,615.069042668555,843.171272757802,13.3224595523316,4.31402039975127,21.0985540868244,6.531033771659,13.4628696383311,9.74751103475502,18.5501441985757,16.2392281365488,13.6295096574591,21.141871894881,16.768823727713,16.8933489456272
174,F,544.674118908093,654.137553725124,1244.50153001565,1427.97744791964,784.867171348554,643.033672699347,14.9026225004405,4.52487811682069,18.4348977362349,10.7297985838812,14.5962254067428,7.36949662449008,23.7205714359497,23.9295325706201,22.5185414417895,25.4220923896172,26.0494585950255,25.9682149855527
175,M,555.013555970831,393.883013970343,1236.37559826251,1303.1150835118,973.200173761805,976.788889994563,19.5162032948953,3.20114855428799,21.1378090821752,7.28282825912453,22.4476608858509,14.0943986615603,27.6977396687146,19.4260430223028,15.9494352299293,27.1886720669815,32.8633319121709,26.0994452975747
176,F,824.927830454744,713.996371368389,1413.94951259804,1601.55240481189,698.099707948752,870.425057510622,20.8417286277084,4.7516313778618,28.6710368013059,8.91197783240299,20.6107741996055,9.93535743784718,55.7906770074488,31.4683053562049,24.5819996605022,51.2500034517968,26.5458850698772,41.6395037174858
177,M,647.128887383526,710.989127572808,998.425028421799,1761.74674374783,607.14784705162,662.672167458919,24.6781403220069,5.00859388034472,20.9912499808303,11.6326221064796,21.4259910382802,12.6639943432828,78.9078067853667,10.0647684597433,7.73199750400761,16.9426552033918,14.7780311315302,12.3397068509239
178,M,674.388403899755,631.767715008907,952.1548290828,1052.83182197771,803.04572605628,808.611229042528,16.5752326458579,5.24451257218563,18.2014635037857,8.05650631216061,14.7898848808076,12.2601837739478,12.3558617551189,9.77183321541319,12.1307608283195,11.7274841237407,13.6292391966635,11.5311811233366
179,F,554.578654502351,585.054961440413,634.300560953006,1392.44113704967,590.8256600568,676.628471221142,16.7062266529252,4.24806593756021,12.7806724484868,8.07530450274104,13.1801981443502,7.66397279453741,37.0613960051992,22.1189865329235,14.4569179158562,45.497799469784,31.3588947093175,39.3358070429587
180,M,566.110105944234,681.495721417085,922.450799661196,1063.63744753403,680.214411849778,707.809284540783,15.2497913470067,5.37259249357962,18.9884076198218,9.15846970977712,17.3965726349129,12.1716132040186,11.9430092581388,10.1939725438618,10.1907173452129,10.1572165101219,11.5829516946687,9.99846319835042
